name,gender,occupation,email
Cad Stockney,Male,Editor,cstockney0@nyu.edu
Bradan Peppard,Bigender,Senior Sales Associate,bpeppard1@google.fr
Pablo McGillivray,Male,Help Desk Operator,pmcgillivray2@flickr.com
Juline Aughtie,Female,Automation Specialist II,jaughtie3@smugmug.com
Abramo Pfleger,Male,Clinical Specialist,apfleger4@360.cn
Eveline Pick,Female,Marketing Assistant,epick5@shutterfly.com
Rena McGarrahan,Female,Computer Systems Analyst II,rmcgarrahan6@sakura.ne.jp
Flory Beneteau,Male,Staff Accountant IV,fbeneteau7@merriam-webster.com
Melvyn Kullmann,Male,Sales Representative,mkullmann8@apple.com
Dierdre Gallichan,Female,Developer IV,dgallichan9@typepad.com
Gaven Kohring,Male,Data Coordinator,gkohringa@deliciousdays.com
Bernie Blackshaw,Female,Engineer I,bblackshawb@zimbio.com
Patric Eschalotte,Male,Quality Control Specialist,peschalottec@4shared.com
Clair Bostick,Non-binary,Accounting Assistant II,cbostickd@tuttocitta.it
Donalt Forsaith,Male,Web Designer II,dforsaithe@geocities.jp
Lora Narramore,Female,Environmental Tech,lnarramoref@prnewswire.com
Gabriell Diemer,Female,Human Resources Manager,gdiemerg@oakley.com
Kerwinn Huddy,Male,Research Associate,khuddyh@chicagotribune.com
Vicki Goodburn,Female,Internal Auditor,vgoodburni@dot.gov
Xavier Draycott,Male,VP Product Management,xdraycottj@tripadvisor.com
Nicholle Pantling,Female,Developer III,npantlingk@dailymotion.com
Cletis Elbourn,Male,Graphic Designer,celbournl@webs.com
Pollyanna Cosgrive,Agender,Media Manager I,pcosgrivem@prweb.com
Micheil Gobbet,Male,Safety Technician II,mgobbetn@imgur.com
Charla Yeskin,Female,Assistant Media Planner,cyeskino@sphinn.com
Carmencita Digman,Female,Professor,cdigmanp@wired.com
Lolita Nutbeem,Female,Structural Engineer,lnutbeemq@linkedin.com
Mahmoud Woolerton,Male,Data Coordinator,mwoolertonr@livejournal.com
Ancell Malitrott,Male,Web Developer IV,amalitrotts@example.com
Idalina Giacopello,Female,Recruiter,igiacopellot@flickr.com
Port Artindale,Male,Environmental Tech,partindaleu@ed.gov
Thomas Cleeve,Polygender,Software Engineer I,tcleevev@theguardian.com
Barny Samter,Male,Health Coach IV,bsamterw@slate.com
Glen Seifert,Female,Budget/Accounting Analyst III,gseifertx@seesaa.net
Ferguson Whates,Male,GIS Technical Architect,fwhatesy@deliciousdays.com
Zach Kernan,Male,Sales Associate,zkernanz@linkedin.com
Ransell Duffy,Non-binary,Administrative Assistant IV,rduffy10@accuweather.com
Grady Tennison,Male,Staff Scientist,gtennison11@ebay.com
Hort Whitmore,Male,Nuclear Power Engineer,hwhitmore12@google.co.jp
Prissie De-Ville,Female,Staff Scientist,pdeville13@alibaba.com
Nathalia Moxstead,Female,Administrative Assistant I,nmoxstead14@cdc.gov
Johnna Edmans,Female,Marketing Manager,jedmans15@lycos.com
Gregg Wildor,Male,Occupational Therapist,gwildor16@state.gov
Tymon Boissier,Male,Physical Therapy Assistant,tboissier17@discuz.net
Tadeo Haskey,Male,Sales Representative,thaskey18@wisc.edu
Rad Handaside,Male,Graphic Designer,rhandaside19@disqus.com
Fidel Danaher,Male,Account Representative II,fdanaher1a@ehow.com
Gaspar Clements,Male,Health Coach I,gclements1b@a8.net
Marve Lummasana,Male,Environmental Specialist,mlummasana1c@weather.com
Gabriela Gillmore,Polygender,Product Engineer,ggillmore1d@hp.com
Barnett Juggings,Male,Financial Analyst,bjuggings1e@howstuffworks.com
Tab Lempertz,Male,VP Product Management,tlempertz1f@yellowpages.com
Goran Bartkowiak,Male,Database Administrator II,gbartkowiak1g@geocities.jp
Gerhardine Choules,Female,Actuary,gchoules1h@patch.com
Alan Cleminson,Male,Senior Developer,acleminson1i@deviantart.com
Keith Affleck,Male,Analog Circuit Design manager,kaffleck1j@china.com.cn
Griffin Keetch,Male,VP Product Management,gkeetch1k@newsvine.com
Cordie Fearnill,Female,Computer Systems Analyst III,cfearnill1l@nsw.gov.au
Kass Meneyer,Female,Automation Specialist IV,kmeneyer1m@csmonitor.com
Kenny Battell,Male,Staff Accountant I,kbattell1n@1und1.de
Faulkner Greguoli,Male,Office Assistant IV,fgreguoli1o@techcrunch.com
Clarissa Kiehne,Female,Quality Control Specialist,ckiehne1p@yale.edu
Edithe Reicherz,Non-binary,Automation Specialist I,ereicherz1q@about.me
Rivy Keywood,Female,Executive Secretary,rkeywood1r@jimdo.com
Stefano Shillitoe,Male,Administrative Assistant III,sshillitoe1s@sbwire.com
Sunny Donalson,Male,Account Coordinator,sdonalson1t@com.com
Rufe Mohamed,Male,Occupational Therapist,rmohamed1u@indiegogo.com
Cornie Proschke,Male,Geological Engineer,cproschke1v@oaic.gov.au
Lebbie Volkers,Female,Marketing Assistant,lvolkers1w@printfriendly.com
Sandye Rabley,Female,Research Associate,srabley1x@arizona.edu
Robert Shallcross,Male,Senior Editor,rshallcross1y@imageshack.us
Orson Darville,Male,Safety Technician III,odarville1z@phoca.cz
Fawnia Cottisford,Female,Junior Executive,fcottisford20@newyorker.com
Abey Catanheira,Male,Help Desk Operator,acatanheira21@gizmodo.com
Morena Chomiszewski,Female,Registered Nurse,mchomiszewski22@themeforest.net
Malynda Veare,Agender,Operator,mveare23@vistaprint.com
Arlyne Millott,Non-binary,Account Representative II,amillott24@timesonline.co.uk
Justis Nancekivell,Male,Senior Editor,jnancekivell25@twitpic.com
Shelby Muckart,Female,Programmer Analyst IV,smuckart26@joomla.org
Dore Zanetti,Male,Financial Analyst,dzanetti27@reddit.com
Adeline Luxen,Female,GIS Technical Architect,aluxen28@facebook.com
Arte Matts,Male,Automation Specialist III,amatts29@mysql.com
Rozalin Camblin,Female,Software Consultant,rcamblin2a@moonfruit.com
Nanete Sanday,Female,Account Coordinator,nsanday2b@google.de
Devinne Corderoy,Female,Web Designer II,dcorderoy2c@artisteer.com
Alberta Caitlin,Female,GIS Technical Architect,acaitlin2d@tumblr.com
Leeann Riha,Female,Automation Specialist IV,lriha2e@archive.org
Ingra Fleote,Male,Nurse Practicioner,ifleote2f@altervista.org
Ryley Beauly,Male,Accounting Assistant IV,rbeauly2g@bbc.co.uk
Adelheid Rivlin,Female,Automation Specialist IV,arivlin2h@earthlink.net
Jeremie Ossenna,Male,Media Manager III,jossenna2i@telegraph.co.uk
Charyl Kelwick,Female,Software Engineer II,ckelwick2j@sciencedirect.com
Roddy Everleigh,Male,Clinical Specialist,reverleigh2k@utexas.edu
Tatiania Stollenhof,Female,Financial Analyst,tstollenhof2l@google.es
Shelbi Pocknell,Female,Engineer III,spocknell2m@hubpages.com
Saunderson Gabbitis,Male,Administrative Officer,sgabbitis2n@hexun.com
Elva Lindsey,Female,Computer Systems Analyst IV,elindsey2o@hostgator.com
Viva Dreng,Female,Editor,vdreng2p@state.tx.us
Hillel Cottee,Male,Tax Accountant,hcottee2q@vk.com
Benetta Hazlegrove,Female,Financial Analyst,bhazlegrove2r@nydailynews.com
Conni Readhead,Female,Nuclear Power Engineer,creadhead2s@mediafire.com
Malvin Roubay,Male,Database Administrator IV,mroubay2t@nhs.uk
Philippa Prestige,Female,Financial Advisor,pprestige2u@wunderground.com
Ranique Lowles,Female,Office Assistant III,rlowles2v@discovery.com
Martelle Baddeley,Female,VP Accounting,mbaddeley2w@boston.com
Batsheva Cook,Female,Web Designer IV,bcook2x@accuweather.com
Valina O' Molan,Female,Marketing Manager,vo2y@google.com.br
Chase Stebbings,Male,Assistant Media Planner,cstebbings2z@diigo.com
Tally Jobe,Male,Teacher,tjobe30@bluehost.com
Prent Halliwell,Male,Nurse,phalliwell31@umn.edu
Skippy Peake,Male,Nurse,speake32@loc.gov
Mandi Halkyard,Female,Design Engineer,mhalkyard33@tripod.com
Charo Hullock,Bigender,Administrative Officer,chullock34@friendfeed.com
Theresita Gabites,Female,VP Marketing,tgabites35@pcworld.com
Libby Piggin,Female,Account Coordinator,lpiggin36@ucsd.edu
Kinnie McGaraghan,Male,Payment Adjustment Coordinator,kmcgaraghan37@friendfeed.com
Shandra Goomes,Female,Senior Sales Associate,sgoomes38@posterous.com
Kliment Jewis,Male,General Manager,kjewis39@webs.com
Noella Craddock,Female,Product Engineer,ncraddock3a@mtv.com
Maximilien Jonathon,Male,Administrative Officer,mjonathon3b@google.pl
Anselma Houlahan,Female,Budget/Accounting Analyst I,ahoulahan3c@theguardian.com
Elenore Bovey,Female,Software Test Engineer II,ebovey3d@comsenz.com
Clarette Kenn,Female,Quality Engineer,ckenn3e@reverbnation.com
Odette Cavaney,Female,Quality Engineer,ocavaney3f@chron.com
Any Snoad,Male,Clinical Specialist,asnoad3g@people.com.cn
Delmor Standage,Male,Quality Control Specialist,dstandage3h@ustream.tv
Darryl Pritchett,Genderfluid,Civil Engineer,dpritchett3i@php.net
Reinald Kopec,Male,Design Engineer,rkopec3j@weibo.com
Roselle Wildblood,Female,Paralegal,rwildblood3k@nbcnews.com
Free Justice,Male,Sales Associate,fjustice3l@plala.or.jp
Mano Kliche,Male,Payment Adjustment Coordinator,mkliche3m@google.nl
Boycey Wren,Non-binary,Compensation Analyst,bwren3n@mit.edu
Chilton Brandassi,Male,Marketing Assistant,cbrandassi3o@list-manage.com
Luelle Wilkerson,Female,Payment Adjustment Coordinator,lwilkerson3p@cafepress.com
Claribel Petrussi,Female,Senior Quality Engineer,cpetrussi3q@quantcast.com
Tyne Smedmoor,Female,Office Assistant II,tsmedmoor3r@drupal.org
Rorie Grzesiak,Female,VP Sales,rgrzesiak3s@hexun.com
Amelina Fletham,Polygender,Associate Professor,afletham3t@netscape.com
Amata McGooch,Female,Environmental Tech,amcgooch3u@bizjournals.com
Aharon Kershow,Male,Operator,akershow3v@sakura.ne.jp
Sallee Agget,Female,Cost Accountant,sagget3w@360.cn
Cosme Pendrey,Male,Mechanical Systems Engineer,cpendrey3x@alibaba.com
Mariya MacKereth,Female,GIS Technical Architect,mmackereth3y@census.gov
Shae Bellinger,Male,Senior Cost Accountant,sbellinger3z@google.co.uk
Earl McCrohon,Male,Research Nurse,emccrohon40@istockphoto.com
Ashby Lathom,Male,Librarian,alathom41@webs.com
Kylen Strivens,Female,Nurse,kstrivens42@odnoklassniki.ru
Nikolos Clover,Male,Account Executive,nclover43@newsvine.com
Saxon Shepherdson,Male,Research Associate,sshepherdson44@nih.gov
Jakob Grissett,Male,Budget/Accounting Analyst II,jgrissett45@senate.gov
Karleen Gloster,Female,Software Consultant,kgloster46@imgur.com
Brantley Lefeuvre,Male,Structural Engineer,blefeuvre47@spiegel.de
Brok Hebron,Male,Human Resources Manager,bhebron48@sitemeter.com
Sharyl Runge,Female,Financial Analyst,srunge49@hc360.com
Vallie Martinello,Female,Research Nurse,vmartinello4a@earthlink.net
Bamby Melpuss,Female,Product Engineer,bmelpuss4b@surveymonkey.com
Vivi Dunnet,Female,Junior Executive,vdunnet4c@china.com.cn
Leif Yeiles,Male,VP Sales,lyeiles4d@salon.com
Ricca Whale,Female,Director of Sales,rwhale4e@wordpress.org
Faulkner Bellham,Male,Programmer Analyst III,fbellham4f@reverbnation.com
Sanson Botly,Male,Senior Editor,sbotly4g@google.it
Yulma Sprionghall,Male,Professor,ysprionghall4h@w3.org
Eliza Rigden,Female,Cost Accountant,erigden4i@youku.com
Elbertina Lauridsen,Female,Account Representative II,elauridsen4j@alexa.com
Falkner Bessey,Male,Marketing Manager,fbessey4k@msn.com
Breanne Grellis,Female,Environmental Tech,bgrellis4l@gnu.org
Serge Caldecot,Male,Quality Engineer,scaldecot4m@freewebs.com
Dominica D'Agostino,Female,Marketing Manager,ddagostino4n@alibaba.com
Kylen Christopherson,Female,Information Systems Manager,kchristopherson4o@surveymonkey.com
Dick Cantera,Polygender,Senior Financial Analyst,dcantera4p@cyberchimps.com
Kermy Restall,Male,Software Consultant,krestall4q@soup.io
Valida Beggin,Female,Statistician II,vbeggin4r@webnode.com
Ianthe Pancost,Agender,Librarian,ipancost4s@aol.com
Essie Pfleger,Female,Data Coordinator,epfleger4t@cafepress.com
Urbanus Faustin,Male,Software Consultant,ufaustin4u@wordpress.org
Pace Nanni,Male,Web Designer III,pnanni4v@i2i.jp
Dore Swetenham,Male,Librarian,dswetenham4w@yellowpages.com
Kevon Clutton,Male,Research Associate,kclutton4x@omniture.com
Micaela Dragge,Female,Web Developer III,mdragge4y@nbcnews.com
Jeremie Donaher,Male,Registered Nurse,jdonaher4z@wufoo.com
Denney Constable,Male,VP Marketing,dconstable50@mozilla.org
Arte Darkin,Male,Geologist IV,adarkin51@yahoo.com
Nehemiah Manuele,Male,Staff Scientist,nmanuele52@comcast.net
Beverie Pinks,Female,Physical Therapy Assistant,bpinks53@flavors.me
Nicolais Ashwin,Bigender,Associate Professor,nashwin54@miibeian.gov.cn
Ulrick Phair,Male,Sales Associate,uphair55@hubpages.com
Patti Mabson,Female,Staff Scientist,pmabson56@studiopress.com
Francklin Snaith,Male,Biostatistician IV,fsnaith57@spotify.com
Rozalie Greensall,Female,Physical Therapy Assistant,rgreensall58@mysql.com
Angelico Gervaise,Male,Administrative Officer,agervaise59@washingtonpost.com
Cecilius Yanov,Male,Community Outreach Specialist,cyanov5a@statcounter.com
Shaun Wollard,Male,Sales Representative,swollard5b@zimbio.com
Elwira Ruppert,Female,Research Associate,eruppert5c@google.pl
Romain Beiderbecke,Polygender,Community Outreach Specialist,rbeiderbecke5d@tinyurl.com
Berk Oakden,Male,Structural Engineer,boakden5e@yahoo.co.jp
Jeanelle Laing,Female,Accounting Assistant IV,jlaing5f@simplemachines.org
Geno Oganian,Male,Financial Analyst,goganian5g@archive.org
Othello Birth,Male,Geologist I,obirth5h@theatlantic.com
Eugine Hunnicot,Female,VP Accounting,ehunnicot5i@mlb.com
Alberto Guinnane,Male,Registered Nurse,aguinnane5j@1688.com
Anson Hinchcliffe,Male,Assistant Manager,ahinchcliffe5k@uiuc.edu
Ruggiero Coppo,Male,Speech Pathologist,rcoppo5l@java.com
Kakalina Van,Female,Pharmacist,kvan5m@mapquest.com
Ashia Gniewosz,Female,Research Assistant IV,agniewosz5n@usda.gov
Desiree Kirley,Female,Software Test Engineer II,dkirley5o@ucoz.ru
Clementina Nell,Female,Web Developer II,cnell5p@google.de
Roxane Daubeny,Female,Food Chemist,rdaubeny5q@github.com
Marty Murden,Female,Community Outreach Specialist,mmurden5r@pbs.org
Reeba Tidbury,Female,Software Engineer I,rtidbury5s@blogtalkradio.com
Stanislaw Sicely,Male,General Manager,ssicely5t@squidoo.com
Sigvard Bischop,Male,Senior Developer,sbischop5u@webmd.com
Alon Wattinham,Male,Geologist I,awattinham5v@google.nl
Othelia Jarrelt,Female,VP Product Management,ojarrelt5w@google.ca
L;urette Corr,Bigender,Statistician III,lcorr5x@shop-pro.jp
Gerta Heisham,Female,Senior Sales Associate,gheisham5y@people.com.cn
Ervin Rubertelli,Male,Health Coach IV,erubertelli5z@prlog.org
Koressa Sallarie,Female,Environmental Tech,ksallarie60@walmart.com
Nicky Emlin,Male,Statistician I,nemlin61@webmd.com
Bridget Selcraig,Female,Tax Accountant,bselcraig62@indiatimes.com
Launce De Vile,Male,Database Administrator I,lde63@fastcompany.com
Shell Fido,Female,Software Test Engineer III,sfido64@yandex.ru
Rona Lishman,Female,Programmer Analyst II,rlishman65@ftc.gov
Rosanna MacCook,Female,Compensation Analyst,rmaccook66@shutterfly.com
Ardelia Graffham,Female,Programmer I,agraffham67@bigcartel.com
Brandyn Cathrall,Male,Research Assistant IV,bcathrall68@hp.com
Ruggiero Siggers,Polygender,Analyst Programmer,rsiggers69@constantcontact.com
Gare McElvine,Male,Business Systems Development Analyst,gmcelvine6a@digg.com
Billi Yellowley,Female,Geological Engineer,byellowley6b@bbb.org
Val Ingarfield,Male,Software Engineer IV,vingarfield6c@scribd.com
Jillian Disley,Female,Senior Editor,jdisley6d@multiply.com
Marlo Bromet,Female,Analog Circuit Design manager,mbromet6e@furl.net
Si Bulter,Male,Financial Advisor,sbulter6f@ca.gov
Chickie Sefton,Male,VP Marketing,csefton6g@ihg.com
Archer Alkin,Male,Environmental Specialist,aalkin6h@miibeian.gov.cn
Gideon Nasi,Male,Nurse,gnasi6i@posterous.com
Rey Michell,Male,Mechanical Systems Engineer,rmichell6j@amazon.co.uk
Herby Tschierse,Male,VP Sales,htschierse6k@globo.com
Peyter Guye,Male,Marketing Manager,pguye6l@vkontakte.ru
Jordan Hemeret,Male,Social Worker,jhemeret6m@china.com.cn
Modesty Darbyshire,Genderfluid,Executive Secretary,mdarbyshire6n@dailymotion.com
Erny Swayte,Male,Speech Pathologist,eswayte6o@webs.com
Augustine Haggath,Male,Structural Engineer,ahaggath6p@constantcontact.com
Casie Holbury,Female,Operator,cholbury6q@sciencedirect.com
Arlyne Moulster,Female,Registered Nurse,amoulster6r@nih.gov
Lusa Marron,Female,Senior Editor,lmarron6s@paypal.com
Tim Simms,Polygender,Help Desk Technician,tsimms6t@gov.uk
Mason Porkiss,Male,Health Coach I,mporkiss6u@unicef.org
Dane Feek,Male,Administrative Assistant IV,dfeek6v@slashdot.org
Minetta Eickhoff,Female,Geologist I,meickhoff6w@seesaa.net
Dotti Birney,Female,Administrative Assistant III,dbirney6x@biblegateway.com
Gun Harniman,Male,Product Engineer,gharniman6y@sciencedaily.com
Raine Mosdill,Female,Quality Engineer,rmosdill6z@creativecommons.org
Corbet Ortzen,Male,Operator,cortzen70@xrea.com
Karol Griffen,Female,Editor,kgriffen71@mapquest.com
Adlai MacSween,Male,Occupational Therapist,amacsween72@ebay.com
Maritsa Chomley,Polygender,Senior Editor,mchomley73@wikispaces.com
Christie Master,Female,Account Executive,cmaster74@histats.com
Wilow Beckson,Female,Quality Engineer,wbeckson75@deliciousdays.com
Reggy Drance,Male,Administrative Assistant IV,rdrance76@php.net
Urson Edland,Male,Help Desk Technician,uedland77@va.gov
Sandy Galliver,Male,Nuclear Power Engineer,sgalliver78@reference.com
Berkly Semarke,Male,Design Engineer,bsemarke79@dedecms.com
Agnesse Rigate,Female,Account Coordinator,arigate7a@slate.com
Jerrine Bowcock,Female,Programmer I,jbowcock7b@businessinsider.com
Cristabel Copozio,Female,Marketing Manager,ccopozio7c@devhub.com
Carr Arckoll,Male,Sales Representative,carckoll7d@jigsy.com
Thayne Amyes,Male,Human Resources Assistant I,tamyes7e@nydailynews.com
Antonetta Drugan,Bigender,Assistant Professor,adrugan7f@icio.us
Grover Maas,Male,Editor,gmaas7g@de.vu
Bob Blois,Male,Registered Nurse,bblois7h@weibo.com
Bradley Waadenburg,Male,Chemical Engineer,bwaadenburg7i@japanpost.jp
Karim Croxon,Male,Sales Representative,kcroxon7j@etsy.com
Chan Dalman,Male,Budget/Accounting Analyst III,cdalman7k@opensource.org
Deane Pardue,Female,Assistant Manager,dpardue7l@wikispaces.com
Linus Crees,Non-binary,Environmental Tech,lcrees7m@unc.edu
Henrie Ainslee,Female,Sales Representative,hainslee7n@skype.com
Lou Torfin,Female,Recruiter,ltorfin7o@columbia.edu
Stinky Bulward,Genderfluid,Structural Engineer,sbulward7p@berkeley.edu
Robby Jaher,Genderfluid,Accounting Assistant II,rjaher7q@constantcontact.com
Eada Allday,Female,Recruiting Manager,eallday7r@addtoany.com
Genni Joannidi,Non-binary,Web Designer IV,gjoannidi7s@liveinternet.ru
Ginni Willingale,Female,Chemical Engineer,gwillingale7t@hp.com
Justina Venditto,Female,Electrical Engineer,jvenditto7u@rakuten.co.jp
Damien Finlayson,Non-binary,Assistant Media Planner,dfinlayson7v@cdc.gov
Aeriel Roberti,Female,Account Coordinator,aroberti7w@posterous.com
Antin Parades,Male,Internal Auditor,aparades7x@google.fr
Samson Runnett,Genderfluid,Automation Specialist I,srunnett7y@wikispaces.com
Gracie Goadby,Female,Programmer Analyst I,ggoadby7z@ucoz.ru
Demetre Matteoni,Male,Systems Administrator IV,dmatteoni80@imageshack.us
Clayborne Janaszewski,Male,Cost Accountant,cjanaszewski81@google.pl
Caressa Sarfass,Genderqueer,Senior Developer,csarfass82@yahoo.com
Morty Pawsey,Male,Account Representative I,mpawsey83@addthis.com
Chevalier Attwill,Male,Actuary,cattwill84@diigo.com
Quentin Jezzard,Male,Statistician III,qjezzard85@mayoclinic.com
Erick Janos,Male,VP Quality Control,ejanos86@hatena.ne.jp
Thacher Pymar,Male,Chief Design Engineer,tpymar87@wufoo.com
Manny Summerbell,Male,Software Engineer III,msummerbell88@umich.edu
Trumann Karby,Male,Research Assistant I,tkarby89@deliciousdays.com
Bert Bridgland,Male,Librarian,bbridgland8a@alibaba.com
Aubry Wellstead,Female,Web Developer II,awellstead8b@networkadvertising.org
Inness Langfitt,Male,Research Nurse,ilangfitt8c@wired.com
Pepito Hendrichs,Male,Automation Specialist IV,phendrichs8d@joomla.org
Carmel Schooling,Female,Safety Technician III,cschooling8e@elpais.com
Sal Bygott,Male,Senior Cost Accountant,sbygott8f@skyrock.com
Jermain Venturoli,Male,VP Marketing,jventuroli8g@sfgate.com
Ola Horburgh,Female,Compensation Analyst,ohorburgh8h@github.io
Salome Goldsberry,Female,Nurse Practicioner,sgoldsberry8i@de.vu
Rosemary Keunemann,Female,Recruiter,rkeunemann8j@bloglines.com
Moreen Prichet,Female,Teacher,mprichet8k@bloglines.com
Vaughn Shaylor,Male,Executive Secretary,vshaylor8l@bing.com
Barret Volleth,Male,Librarian,bvolleth8m@ask.com
Smitty Marrow,Male,Payment Adjustment Coordinator,smarrow8n@123-reg.co.uk
Kore Bulman,Female,Operator,kbulman8o@163.com
Delmar Ruffler,Male,Pharmacist,druffler8p@adobe.com
Alverta Glasspoole,Agender,VP Product Management,aglasspoole8q@lulu.com
Martelle Warmisham,Female,VP Marketing,mwarmisham8r@ca.gov
Maryjo Burrells,Female,Biostatistician III,mburrells8s@list-manage.com
Glenda Chesher,Female,Administrative Assistant II,gchesher8t@elegantthemes.com
Elfie Sleeny,Agender,Director of Sales,esleeny8u@wsj.com
Elaina Hook,Female,Assistant Professor,ehook8v@quantcast.com
Knox Dimitrescu,Bigender,Software Engineer IV,kdimitrescu8w@census.gov
Dudley Durkin,Male,Human Resources Assistant I,ddurkin8x@t-online.de
Elysha Clementucci,Female,Human Resources Assistant III,eclementucci8y@mozilla.org
Libbi Mowson,Female,Junior Executive,lmowson8z@prlog.org
Liana McKellar,Female,Business Systems Development Analyst,lmckellar90@zdnet.com
Mohammed Berrow,Genderfluid,VP Sales,mberrow91@prweb.com
Osbourn Cain,Male,Legal Assistant,ocain92@slashdot.org
Ethelin Lytle,Female,Marketing Manager,elytle93@nature.com
Melisa Vinsen,Female,Registered Nurse,mvinsen94@seattletimes.com
Rickard Chatan,Male,Safety Technician II,rchatan95@who.int
Isacco De Vere,Male,Nurse Practicioner,ide96@twitpic.com
Klaus Kirkham,Genderfluid,Help Desk Technician,kkirkham97@devhub.com
Crosby Bourdis,Male,Community Outreach Specialist,cbourdis98@mapy.cz
Erin Woollcott,Female,General Manager,ewoollcott99@redcross.org
Isabella Prator,Female,Statistician III,iprator9a@pinterest.com
Charyl Grishakov,Female,Sales Associate,cgrishakov9b@t-online.de
Damara Tesche,Female,Information Systems Manager,dtesche9c@360.cn
Viv Grissett,Female,Graphic Designer,vgrissett9d@mtv.com
Renado Arthy,Male,Occupational Therapist,rarthy9e@symantec.com
Aldis Karpenya,Male,Accounting Assistant IV,akarpenya9f@google.com.hk
Alysia Pinor,Female,Data Coordinator,apinor9g@about.com
Carney Wilkison,Male,Occupational Therapist,cwilkison9h@1688.com
Kerwinn Wathell,Male,Chemical Engineer,kwathell9i@unc.edu
Suzie Revill,Female,Health Coach II,srevill9j@who.int
Karoline Deguara,Female,Automation Specialist I,kdeguara9k@slideshare.net
Mildrid Riglesford,Female,Senior Editor,mriglesford9l@sohu.com
Bryana Rostern,Female,Marketing Assistant,brostern9m@webs.com
Siward Salack,Non-binary,Staff Accountant I,ssalack9n@ask.com
Sigfried Willishire,Male,Junior Executive,swillishire9o@mysql.com
Filmer Seeney,Male,Automation Specialist II,fseeney9p@hatena.ne.jp
Grier Shelf,Female,Assistant Manager,gshelf9q@t-online.de
Robert Worsell,Male,Developer III,rworsell9r@theglobeandmail.com
Dorey Monck,Female,Biostatistician I,dmonck9s@yelp.com
Romeo Andreopolos,Male,Cost Accountant,randreopolos9t@tumblr.com
Cory Paddingdon,Female,Account Representative II,cpaddingdon9u@bloglovin.com
Denny Liverock,Female,Information Systems Manager,dliverock9v@ebay.com
Sigfried Haughan,Non-binary,Payment Adjustment Coordinator,shaughan9w@paypal.com
Kevin Kalewe,Male,Administrative Assistant II,kkalewe9x@mail.ru
Jdavie Treleaven,Male,Recruiter,jtreleaven9y@un.org
Clio Butterley,Female,Payment Adjustment Coordinator,cbutterley9z@wikipedia.org
Oswald McChruiter,Male,Environmental Tech,omcchruitera0@stanford.edu
Andras Dundridge,Male,Software Engineer III,adundridgea1@ameblo.jp
Lisbeth Wilkennson,Female,Senior Editor,lwilkennsona2@army.mil
Elston McTrustam,Male,Geologist II,emctrustama3@cam.ac.uk
Patric Kornel,Male,Accountant III,pkornela4@vk.com
Nathalia MacAvaddy,Female,Automation Specialist III,nmacavaddya5@people.com.cn
Adeline Partlett,Female,Geological Engineer,apartletta6@huffingtonpost.com
Elsey Furman,Female,Administrative Assistant IV,efurmana7@example.com
Dorothy Skade,Female,Senior Editor,dskadea8@cnet.com
Claresta Kidgell,Female,Junior Executive,ckidgella9@wikipedia.org
Micah Ingyon,Male,Editor,mingyonaa@walmart.com
Sig Sherville,Male,Editor,sshervilleab@sohu.com
Ofilia Sedwick,Female,VP Product Management,osedwickac@behance.net
Shelia Walshe,Female,Nurse,swalshead@sciencedaily.com
Bogart Bulcroft,Male,General Manager,bbulcroftae@admin.ch
Hoebart Jeanin,Male,Senior Sales Associate,hjeaninaf@forbes.com
Monika Oulett,Female,Geologist III,moulettag@behance.net
Willi Holwell,Male,Nurse Practicioner,wholwellah@mapy.cz
Sayre Grinaway,Female,Editor,sgrinawayai@cdbaby.com
Rianon Randal,Genderqueer,Administrative Officer,rrandalaj@whitehouse.gov
Breena Grossier,Female,Compensation Analyst,bgrossierak@loc.gov
Enrika Livesay,Female,Senior Cost Accountant,elivesayal@statcounter.com
Birch Bodd,Male,Professor,bboddam@multiply.com
Linnie Littley,Bigender,Structural Analysis Engineer,llittleyan@jiathis.com
Star Dupoy,Female,Social Worker,sdupoyao@privacy.gov.au
Leia Mitro,Female,Project Manager,lmitroap@bizjournals.com
Lamont Mearns,Male,Analyst Programmer,lmearnsaq@de.vu
Celestyna Kenforth,Female,Account Executive,ckenforthar@home.pl
Orlan Burgan,Male,Research Nurse,oburganas@free.fr
Phyllida Greguol,Female,Data Coordinator,pgreguolat@biblegateway.com
Kati Schach,Female,Pharmacist,kschachau@php.net
Willey Sumsion,Male,Design Engineer,wsumsionav@booking.com
Judas Pentony,Male,VP Product Management,jpentonyaw@upenn.edu
Sunny Nibloe,Female,Clinical Specialist,snibloeax@unesco.org
Hart Toffaloni,Male,Safety Technician III,htoffaloniay@wikimedia.org
Sebastiano Stoad,Male,Senior Financial Analyst,sstoadaz@sourceforge.net
Zedekiah Pape,Male,Paralegal,zpapeb0@businessinsider.com
Arnoldo Mercey,Male,Sales Associate,amerceyb1@alexa.com
Kellia Boncoeur,Female,Teacher,kboncoeurb2@surveymonkey.com
Wittie Sharrock,Genderqueer,Analog Circuit Design manager,wsharrockb3@moonfruit.com
Tudor Ingon,Male,Software Test Engineer I,tingonb4@arstechnica.com
Margeaux Kinder,Female,Help Desk Operator,mkinderb5@twitpic.com
Giorgia Chesher,Female,Payment Adjustment Coordinator,gchesherb6@shop-pro.jp
Marji Masi,Female,Librarian,mmasib7@ebay.co.uk
Gaile Gonning,Male,Structural Engineer,ggonningb8@japanpost.jp
Meyer Sutherden,Male,Actuary,msutherdenb9@oaic.gov.au
Drona Zanioletti,Female,Database Administrator III,dzaniolettiba@wix.com
Olvan Blaskett,Male,Biostatistician IV,oblaskettbb@feedburner.com
Dannie Fassum,Male,Nurse,dfassumbc@freewebs.com
Anders Giovanardi,Male,Analyst Programmer,agiovanardibd@smh.com.au
Arther Dilley,Male,Web Developer IV,adilleybe@pcworld.com
Gus Laugier,Female,Research Associate,glaugierbf@walmart.com
Ruthy Stebbins,Female,Administrative Officer,rstebbinsbg@google.it
Zachary Jorczyk,Male,Office Assistant II,zjorczykbh@cbsnews.com
Annabella Blench,Female,Nurse,ablenchbi@123-reg.co.uk
Kellby Bottinelli,Male,Paralegal,kbottinellibj@twitter.com
Carmine Gyles,Male,Operator,cgylesbk@domainmarket.com
Pembroke Koppel,Male,Cost Accountant,pkoppelbl@google.com.br
Hilarius Ainsley,Male,VP Sales,hainsleybm@hp.com
Garvin Venour,Male,Administrative Officer,gvenourbn@woothemes.com
Pooh Pengilley,Female,Actuary,ppengilleybo@deviantart.com
Aggie McNish,Female,Quality Control Specialist,amcnishbp@ibm.com
Florella Puckey,Female,Analyst Programmer,fpuckeybq@usda.gov
Ellette Macer,Non-binary,Actuary,emacerbr@zimbio.com
Franz William,Male,Paralegal,fwilliambs@cnbc.com
Jessee Eastgate,Male,Junior Executive,jeastgatebt@telegraph.co.uk
Fanechka Pollendine,Female,Pharmacist,fpollendinebu@qq.com
Kermit Bramer,Male,Librarian,kbramerbv@nymag.com
Bruis Paffitt,Male,Food Chemist,bpaffittbw@technorati.com
Elvera Botterman,Female,General Manager,ebottermanbx@time.com
Selle Yardley,Female,Actuary,syardleyby@posterous.com
Michelle Schule,Polygender,Professor,mschulebz@chronoengine.com
Oran Branthwaite,Male,Financial Analyst,obranthwaitec0@ehow.com
Aloisia Gianuzzi,Female,Financial Advisor,agianuzzic1@mozilla.com
Ceil Clifford,Female,Analyst Programmer,ccliffordc2@cbslocal.com
Jacques Inold,Male,Media Manager II,jinoldc3@go.com
Tova Reddyhoff,Female,Food Chemist,treddyhoffc4@wordpress.com
Kacy Tallach,Female,Mechanical Systems Engineer,ktallachc5@reverbnation.com
Wat Bompass,Male,VP Sales,wbompassc6@tumblr.com
Kathie Kase,Female,VP Accounting,kkasec7@yellowbook.com
Miltie Shoreman,Non-binary,Help Desk Operator,mshoremanc8@yandex.ru
Cori Mylan,Genderqueer,Executive Secretary,cmylanc9@sohu.com
Karlyn Jays,Female,Mechanical Systems Engineer,kjaysca@histats.com
Karleen Sugden,Female,Desktop Support Technician,ksugdencb@miitbeian.gov.cn
Xena Noyes,Female,Analog Circuit Design manager,xnoyescc@dion.ne.jp
Dom Kenshole,Male,Executive Secretary,dkensholecd@upenn.edu
Devinne Ludron,Female,Staff Scientist,dludronce@diigo.com
Danyelle Bartholomieu,Female,Executive Secretary,dbartholomieucf@nhs.uk
Cullen Orum,Bigender,Assistant Professor,corumcg@npr.org
Alisun Lewerenz,Female,Account Executive,alewerenzch@artisteer.com
Zora Lindbergh,Female,Health Coach I,zlindberghci@google.fr
Kora Scrace,Female,Senior Sales Associate,kscracecj@163.com
Lydon Baseke,Male,Staff Accountant II,lbasekeck@gravatar.com
Prisca Ianelli,Female,Quality Control Specialist,pianellicl@shinystat.com
Audie Harlin,Female,Internal Auditor,aharlincm@house.gov
Rhiamon McRorie,Female,VP Quality Control,rmcroriecn@tiny.cc
Demetris Wetton,Male,Internal Auditor,dwettonco@whitehouse.gov
Chelsea Rentoul,Female,Research Nurse,crentoulcp@sun.com
Paloma Gaskarth,Female,Senior Quality Engineer,pgaskarthcq@pagesperso-orange.fr
Hubie Gjerde,Male,Structural Engineer,hgjerdecr@behance.net
Franklin Wastall,Male,Operator,fwastallcs@cnbc.com
Fanny Parell,Female,Senior Editor,fparellct@webmd.com
Fey Cuerdall,Female,Compensation Analyst,fcuerdallcu@miibeian.gov.cn
Roy Heine,Male,VP Sales,rheinecv@dot.gov
Merrel Burdas,Genderqueer,Data Coordinator,mburdascw@dell.com
Flem Latliff,Male,Nurse Practicioner,flatliffcx@paypal.com
Olivia Sobczak,Female,Administrative Officer,osobczakcy@dailymail.co.uk
Tatum Slimmon,Female,Senior Quality Engineer,tslimmoncz@seesaa.net
Tades Dumper,Male,Payment Adjustment Coordinator,tdumperd0@hao123.com
Pen Squires,Male,VP Accounting,psquiresd1@usatoday.com
Stacy Kubalek,Female,Analyst Programmer,skubalekd2@elpais.com
Erick Comelli,Male,Environmental Specialist,ecomellid3@independent.co.uk
Clyve Hamshere,Male,Recruiter,chamshered4@virginia.edu
Cathie Lemmers,Female,Speech Pathologist,clemmersd5@networkadvertising.org
Analise Valenti,Female,Social Worker,avalentid6@seattletimes.com
Lebbie O'Heneghan,Female,Safety Technician III,loheneghand7@ox.ac.uk
Filip O'Hannen,Male,Paralegal,fohannend8@fastcompany.com
Matias Nicely,Male,Marketing Assistant,mnicelyd9@slashdot.org
Liza Drance,Polygender,Structural Analysis Engineer,ldranceda@toplist.cz
Lib Dockrell,Female,Staff Scientist,ldockrelldb@wix.com
Willdon Grinter,Male,Administrative Assistant IV,wgrinterdc@netlog.com
Peria Ciciotti,Female,Electrical Engineer,pciciottidd@nps.gov
Martin Rugiero,Male,Teacher,mrugierode@imdb.com
Orel Elesander,Female,Clinical Specialist,oelesanderdf@cbslocal.com
Rafaello Birrane,Male,Account Coordinator,rbirranedg@yelp.com
Hazel Ruller,Female,Web Developer IV,hrullerdh@jiathis.com
Ulberto Diplock,Male,Physical Therapy Assistant,udiplockdi@msn.com
Caprice Howgill,Female,Pharmacist,chowgilldj@qq.com
Giulio Marusyak,Male,Senior Cost Accountant,gmarusyakdk@hostgator.com
Trev Crolla,Male,Graphic Designer,tcrolladl@wordpress.com
Malinde Lages,Female,Analog Circuit Design manager,mlagesdm@t-online.de
Nerte Borthe,Female,Human Resources Assistant I,nborthedn@cdbaby.com
Hugibert Stringman,Male,Librarian,hstringmando@squarespace.com
Dyna Drepp,Female,Health Coach IV,ddreppdp@nydailynews.com
Vinny O'Luby,Female,Marketing Manager,volubydq@hud.gov
Gerik Acom,Genderqueer,Quality Control Specialist,gacomdr@mtv.com
Tatum Ellyatt,Female,Recruiter,tellyattds@cnbc.com
Sven Boyda,Male,Biostatistician I,sboydadt@prweb.com
Garreth Pottinger,Male,Account Executive,gpottingerdu@hexun.com
Felic Camock,Male,Recruiter,fcamockdv@ucsd.edu
Silvanus Cordsen,Male,Assistant Media Planner,scordsendw@ameblo.jp
Ezra Stump,Male,Chemical Engineer,estumpdx@histats.com
Ingra Follet,Male,GIS Technical Architect,ifolletdy@mit.edu
Anissa Wadie,Female,Office Assistant III,awadiedz@qq.com
Rubia Cooksey,Genderfluid,Assistant Media Planner,rcookseye0@omniture.com
Rozanna Choat,Female,Project Manager,rchoate1@godaddy.com
Eugine Calbert,Female,Occupational Therapist,ecalberte2@instagram.com
Meredeth Nattriss,Male,Legal Assistant,mnattrisse3@hc360.com
Hanna Goult,Female,Biostatistician III,hgoulte4@patch.com
Britteny Inkster,Female,Executive Secretary,binkstere5@nymag.com
Marchall Bariball,Male,Product Engineer,mbariballe6@yale.edu
Neale Hedylstone,Male,Data Coordinator,nhedylstonee7@npr.org
Nickolai O'Bruen,Male,Sales Associate,nobruene8@seattletimes.com
Blane Twell,Male,Staff Accountant III,btwelle9@creativecommons.org
Kane Cossell,Genderfluid,Nurse Practicioner,kcossellea@mozilla.com
Ruben Kennham,Male,Programmer Analyst I,rkennhameb@washington.edu
Christy O'Corrigane,Male,Social Worker,cocorriganeec@blogs.com
Saul Gorgen,Genderfluid,Clinical Specialist,sgorgened@upenn.edu
Jan Scedall,Male,Computer Systems Analyst II,jscedallee@bloglines.com
Husain Parbrook,Male,Environmental Specialist,hparbrookef@forbes.com
Alisa Chilton,Female,Administrative Officer,achiltoneg@auda.org.au
Ezekiel Arpur,Male,Technical Writer,earpureh@walmart.com
Darrin Kauble,Male,Administrative Assistant II,dkaubleei@tripod.com
Edyth Sibbit,Polygender,Food Chemist,esibbitej@blinklist.com
Pennie Melladew,Female,Speech Pathologist,pmelladewek@imageshack.us
Aguste Skyme,Male,Nurse Practicioner,askymeel@icio.us
Jewell Poytres,Female,Automation Specialist I,jpoytresem@webmd.com
Oates Biesterfeld,Bigender,Structural Analysis Engineer,obiesterfelden@hubpages.com
Fina Ensley,Female,Legal Assistant,fensleyeo@goo.ne.jp
Betteanne Wildber,Female,Clinical Specialist,bwildberep@hhs.gov
Derrek Bellham,Male,Web Designer IV,dbellhameq@mlb.com
Orazio Boarer,Male,Office Assistant II,oboarerer@cmu.edu
Gallagher Dade,Male,Paralegal,gdadees@sbwire.com
Inger Braybrooks,Male,Payment Adjustment Coordinator,ibraybrookset@pcworld.com
Deva Gavahan,Female,Safety Technician II,dgavahaneu@usatoday.com
Anatol Shitliff,Male,Recruiter,ashitliffev@forbes.com
Vito Gurden,Male,Sales Representative,vgurdenew@netscape.com
Hedda Ruby,Female,Professor,hrubyex@bluehost.com
Nefen MacGraith,Male,Help Desk Operator,nmacgraithey@usnews.com
Dina Krauss,Female,VP Product Management,dkraussez@cocolog-nifty.com
Ray Eckert,Female,Senior Quality Engineer,reckertf0@bluehost.com
Aline Putland,Female,General Manager,aputlandf1@redcross.org
Rubie Langlands,Female,Software Test Engineer IV,rlanglandsf2@home.pl
Marcia Rembrant,Female,Business Systems Development Analyst,mrembrantf3@senate.gov
Brose Gusney,Non-binary,Senior Quality Engineer,bgusneyf4@patch.com
Ronnie Manssuer,Male,Statistician I,rmanssuerf5@opensource.org
Aeriela Kollach,Female,Social Worker,akollachf6@exblog.jp
Jabez Gabbotts,Male,Dental Hygienist,jgabbottsf7@issuu.com
Haven Keay,Genderfluid,Food Chemist,hkeayf8@homestead.com
Tobiah Bickell,Male,Media Manager IV,tbickellf9@wordpress.org
Maximilian Threadgould,Male,Paralegal,mthreadgouldfa@unc.edu
Gaile Knowlys,Male,Assistant Professor,gknowlysfb@squarespace.com
Kristoffer McLemon,Male,Cost Accountant,kmclemonfc@pbs.org
Evanne Daen,Female,Chief Design Engineer,edaenfd@wufoo.com
Berkeley Coronas,Polygender,Software Consultant,bcoronasfe@wikimedia.org
Lorenza French,Female,Environmental Tech,lfrenchff@tinyurl.com
Boy McKeaveney,Male,Software Consultant,bmckeaveneyfg@wordpress.com
Cathryn Phibb,Female,Software Test Engineer III,cphibbfh@istockphoto.com
Bronson Mattiessen,Male,Senior Developer,bmattiessenfi@live.com
Yves Baptista,Male,Financial Advisor,ybaptistafj@freewebs.com
Perceval Diben,Non-binary,Assistant Media Planner,pdibenfk@ibm.com
Mariel Caughte,Female,VP Quality Control,mcaughtefl@typepad.com
Abagail Wiffill,Female,Analyst Programmer,awiffillfm@odnoklassniki.ru
Hadleigh Averies,Male,Administrative Assistant II,haveriesfn@sitemeter.com
Laughton Abrami,Agender,Financial Analyst,labramifo@usgs.gov
Clarie Craw,Female,Desktop Support Technician,ccrawfp@ehow.com
Quincy Humphrys,Male,Account Executive,qhumphrysfq@usatoday.com
Harlin Balf,Male,Safety Technician I,hbalffr@edublogs.org
Maure Seed,Female,Web Designer IV,mseedfs@hatena.ne.jp
Elvin Domerq,Male,Research Nurse,edomerqft@sogou.com
Eydie Blenkharn,Female,Software Engineer IV,eblenkharnfu@foxnews.com
Scotty Morrison,Male,Marketing Manager,smorrisonfv@uiuc.edu
Sidonnie Tomney,Female,Clinical Specialist,stomneyfw@berkeley.edu
Naoma Hebbs,Bigender,Web Developer II,nhebbsfx@canalblog.com
Hedvige Beare,Female,Senior Cost Accountant,hbearefy@baidu.com
Daren Randell,Male,Software Test Engineer I,drandellfz@cafepress.com
Case De Zuani,Male,VP Product Management,cdeg0@hud.gov
Carey Thorn,Male,Teacher,cthorng1@jugem.jp
Olin Bentzen,Male,Mechanical Systems Engineer,obentzeng2@economist.com
Elga Blabber,Female,Pharmacist,eblabberg3@google.ca
Mycah Harbert,Male,Marketing Manager,mharbertg4@sun.com
Carly Kilbane,Female,Assistant Manager,ckilbaneg5@ask.com
Cull Wardhaugh,Male,Administrative Officer,cwardhaughg6@mediafire.com
Gregg Drabble,Male,Research Associate,gdrabbleg7@w3.org
Brittney Garwell,Female,Environmental Specialist,bgarwellg8@nps.gov
Lilias Zettler,Female,Human Resources Manager,lzettlerg9@e-recht24.de
Karolina Tynnan,Female,Actuary,ktynnanga@sciencedaily.com
Sheff Easun,Male,Web Developer II,seasungb@reuters.com
Happy Durnill,Female,Desktop Support Technician,hdurnillgc@wp.com
Giffy McNirlin,Male,Environmental Specialist,gmcnirlingd@usda.gov
Ignacius McCuaig,Male,Assistant Manager,imccuaigge@joomla.org
Timmy Meekings,Male,Research Assistant I,tmeekingsgf@de.vu
Helsa Kilcoyne,Female,Graphic Designer,hkilcoynegg@ebay.co.uk
Reeba Scamerden,Female,Geological Engineer,rscamerdengh@odnoklassniki.ru
Taite Beaton,Male,Legal Assistant,tbeatongi@barnesandnoble.com
Alfi McVity,Female,Database Administrator I,amcvitygj@w3.org
Adorne Fancutt,Female,Software Engineer III,afancuttgk@si.edu
Douglas Stollsteiner,Male,Administrative Assistant III,dstollsteinergl@blogtalkradio.com
Melissa Kuhne,Female,Information Systems Manager,mkuhnegm@marketwatch.com
Tate Jerromes,Female,Structural Analysis Engineer,tjerromesgn@smugmug.com
Konstanze Soans,Female,Teacher,ksoansgo@acquirethisname.com
Ketti Viney,Female,Design Engineer,kvineygp@tinypic.com
Florida Bahlmann,Female,Social Worker,fbahlmanngq@yellowpages.com
Abigael Dyet,Female,Senior Cost Accountant,adyetgr@accuweather.com
Barnard Pomfret,Male,Nuclear Power Engineer,bpomfretgs@blogger.com
Willis Giovanizio,Male,Mechanical Systems Engineer,wgiovaniziogt@wufoo.com
Derek Halburton,Male,Food Chemist,dhalburtongu@printfriendly.com
Miof mela Bauldry,Female,Data Coordinator,mmelagv@ed.gov
Neale Coan,Male,Quality Engineer,ncoangw@hao123.com
Dante Goodie,Male,Senior Cost Accountant,dgoodiegx@unblog.fr
Randell Pendergrast,Male,Editor,rpendergrastgy@engadget.com
Breanne Tomczykiewicz,Agender,Software Test Engineer I,btomczykiewiczgz@photobucket.com
Octavius Cridland,Male,Business Systems Development Analyst,ocridlandh0@indiatimes.com
Ignaz Stanlike,Male,Help Desk Operator,istanlikeh1@sfgate.com
Lenora Bish,Agender,Financial Analyst,lbishh2@nifty.com
Giles Lowde,Male,Electrical Engineer,glowdeh3@mozilla.com
Sanders Peet,Male,Sales Representative,speeth4@ucla.edu
Shaylyn Jellett,Female,Librarian,sjelletth5@state.tx.us
Frieda Phuprate,Female,Accounting Assistant I,fphuprateh6@pagesperso-orange.fr
Nicoline Cudby,Female,Assistant Professor,ncudbyh7@blogs.com
Marrilee Piddlehinton,Female,Computer Systems Analyst III,mpiddlehintonh8@about.me
Esra Matthesius,Male,Programmer I,ematthesiush9@ow.ly
Donnamarie Lerven,Female,Safety Technician I,dlervenha@ifeng.com
Andris Wilmore,Agender,Product Engineer,awilmorehb@indiegogo.com
Hartley Balm,Male,Budget/Accounting Analyst I,hbalmhc@photobucket.com
Bobbee Haggar,Female,Senior Cost Accountant,bhaggarhd@rakuten.co.jp
Dur Appleyard,Male,Director of Sales,dappleyardhe@bandcamp.com
Orrin Crisell,Male,Data Coordinator,ocrisellhf@woothemes.com
Sharla Cuppleditch,Female,GIS Technical Architect,scuppleditchhg@nifty.com
Tiff Crispin,Female,Senior Quality Engineer,tcrispinhh@hao123.com
Jonas Geharke,Genderqueer,Internal Auditor,jgeharkehi@t.co
Isabella Grunnill,Genderfluid,Occupational Therapist,igrunnillhj@psu.edu
Eden Kob,Non-binary,Safety Technician I,ekobhk@eventbrite.com
Eliza Alliker,Female,Senior Sales Associate,eallikerhl@icq.com
Marshal Chorley,Male,Database Administrator IV,mchorleyhm@smh.com.au
Yankee Gaylor,Male,Human Resources Manager,ygaylorhn@tinyurl.com
Ram Tilling,Male,Senior Editor,rtillingho@canalblog.com
Erek Wilderspoon,Male,Developer III,ewilderspoonhp@opensource.org
Ebenezer Pendrigh,Agender,VP Sales,ependrighhq@toplist.cz
Tabbatha Penhaligon,Female,Executive Secretary,tpenhaligonhr@mapquest.com
Sly Dallicott,Male,Marketing Assistant,sdallicotths@1und1.de
Clementius Eva,Male,Compensation Analyst,cevaht@nih.gov
Michel Brabham,Non-binary,Analyst Programmer,mbrabhamhu@nih.gov
Redford Tingle,Male,Help Desk Operator,rtinglehv@comsenz.com
Helge Myhill,Female,Research Associate,hmyhillhw@vkontakte.ru
Jorrie Moulding,Female,Editor,jmouldinghx@bigcartel.com
Gianni Dello,Male,Paralegal,gdellohy@usa.gov
Kirby Marty,Male,Research Associate,kmartyhz@si.edu
Derick Kinder,Male,Senior Editor,dkinderi0@phoca.cz
Mirabel Leeburne,Female,Electrical Engineer,mleeburnei1@soup.io
Gaspar Duro,Male,Electrical Engineer,gduroi2@cam.ac.uk
Ailyn Baudy,Female,Research Associate,abaudyi3@pbs.org
Leeland Baton,Male,Actuary,lbatoni4@mapquest.com
Wright Meron,Male,Junior Executive,wmeroni5@domainmarket.com
Phil Bufton,Female,Automation Specialist IV,pbuftoni6@sfgate.com
Zaneta Belch,Female,Biostatistician III,zbelchi7@apple.com
Antonio Cicchillo,Male,Professor,acicchilloi8@bloomberg.com
Camila Hegg,Female,Accountant II,cheggi9@wunderground.com
Tomasine Cassley,Female,VP Accounting,tcassleyia@spotify.com
Glenn Darcey,Male,Chemical Engineer,gdarceyib@plala.or.jp
Aldric Appleford,Male,Senior Financial Analyst,aapplefordic@1und1.de
Faunie Creasy,Female,Cost Accountant,fcreasyid@prweb.com
Hanan Lehrer,Male,Marketing Assistant,hlehrerie@dagondesign.com
Carly Jeaves,Female,General Manager,cjeavesif@histats.com
Ezmeralda Bain,Female,Chief Design Engineer,ebainig@free.fr
Micky Tomadoni,Female,Sales Representative,mtomadoniih@fotki.com
Cariotta Lambarth,Female,Design Engineer,clambarthii@google.de
Flory Van der Hoven,Male,Engineer I,fvanij@comcast.net
Bryna Trask,Female,Human Resources Assistant I,btraskik@bing.com
Tris Unitt,Non-binary,VP Accounting,tunittil@facebook.com
Junia Cranage,Female,Programmer III,jcranageim@tmall.com
Andriana Pinckney,Female,Computer Systems Analyst I,apinckneyin@tumblr.com
Hortense McNutt,Female,Software Test Engineer II,hmcnuttio@tamu.edu
Demetria Bartoszewicz,Female,Administrative Assistant III,dbartoszewiczip@china.com.cn
Graham Bernhardi,Male,VP Accounting,gbernhardiiq@oakley.com
Clemmy Akister,Female,Pharmacist,cakisterir@dell.com
Hilly Jonuzi,Male,Human Resources Assistant IV,hjonuziis@joomla.org
Allyson MacCathay,Female,Mechanical Systems Engineer,amaccathayit@bbc.co.uk
Junina Towell,Female,Budget/Accounting Analyst III,jtowelliu@cdbaby.com
Joachim Sailer,Male,Analog Circuit Design manager,jsaileriv@bigcartel.com
Janina Knevit,Female,Information Systems Manager,jknevitiw@google.cn
Joanne Varley,Female,Quality Control Specialist,jvarleyix@netlog.com
Austin Braunlein,Female,Structural Engineer,abraunleiniy@is.gd
Zeke Galland,Male,Senior Cost Accountant,zgallandiz@nymag.com
Lorettalorna Letherbury,Bigender,Financial Advisor,lletherburyj0@jugem.jp
Lynne Forsyth,Female,Senior Developer,lforsythj1@dyndns.org
Sampson Ivashin,Male,Help Desk Technician,sivashinj2@topsy.com
Jackelyn Domokos,Female,Statistician I,jdomokosj3@php.net
Rossy Moulson,Male,Senior Developer,rmoulsonj4@moonfruit.com
Phillip Letcher,Male,Teacher,pletcherj5@go.com
Latashia Arnholdt,Female,Geological Engineer,larnholdtj6@adobe.com
Lucina McGragh,Female,Senior Quality Engineer,lmcgraghj7@twitter.com
Leyla Glason,Female,Chemical Engineer,lglasonj8@state.gov
Normand Morigan,Male,Safety Technician IV,nmoriganj9@discuz.net
Audrye Vickers,Female,Programmer Analyst III,avickersja@zdnet.com
Jourdan De Bernardi,Female,Legal Assistant,jdejb@miitbeian.gov.cn
Elberta Clawsley,Female,Associate Professor,eclawsleyjc@bandcamp.com
Kareem Rainer,Male,Information Systems Manager,krainerjd@marriott.com
Alberto Heningham,Male,Structural Analysis Engineer,aheninghamje@businessweek.com
Aurelea Turmall,Female,Professor,aturmalljf@ed.gov
Charmian Knobell,Polygender,General Manager,cknobelljg@geocities.jp
Cleavland Crippill,Male,Marketing Manager,ccrippilljh@woothemes.com
Lolly McCreedy,Female,Senior Financial Analyst,lmccreedyji@tripod.com
Gayla Filtness,Female,Administrative Assistant II,gfiltnessjj@state.tx.us
Rahel Attiwill,Female,Payment Adjustment Coordinator,rattiwilljk@amazon.com
Bayard Letherbury,Non-binary,Quality Engineer,bletherburyjl@timesonline.co.uk
Hansiain Byway,Male,Nuclear Power Engineer,hbywayjm@engadget.com
Sheri Ramelet,Female,Environmental Specialist,srameletjn@constantcontact.com
Lynett Dunnaway,Female,Dental Hygienist,ldunnawayjo@bravesites.com
Brinna Gaishson,Female,Quality Engineer,bgaishsonjp@is.gd
Ron Hamber,Male,Technical Writer,rhamberjq@usatoday.com
Bay Writer,Male,VP Accounting,bwriterjr@reference.com
Clevie Bate,Male,Software Engineer II,cbatejs@google.com
Loise Rallinshaw,Female,GIS Technical Architect,lrallinshawjt@hexun.com
Lianna Huddleston,Female,Senior Sales Associate,lhuddlestonju@comcast.net
Talyah Maltby,Female,Research Nurse,tmaltbyjv@nhs.uk
Ax Pace,Male,Technical Writer,apacejw@com.com
Clair Caine,Female,Web Developer I,ccainejx@sohu.com
Elle McVrone,Polygender,Research Associate,emcvronejy@delicious.com
Cecilius Emanulsson,Male,Assistant Manager,cemanulssonjz@craigslist.org
Joleen Busen,Female,Structural Engineer,jbusenk0@geocities.com
Hall MacAloren,Male,Payment Adjustment Coordinator,hmacalorenk1@livejournal.com
Avril Bettridge,Female,Office Assistant I,abettridgek2@loc.gov
Teddie Widdowfield,Female,Health Coach IV,twiddowfieldk3@furl.net
Danica Campling,Female,Geologist IV,dcamplingk4@hhs.gov
Roanne Stockney,Female,Pharmacist,rstockneyk5@eepurl.com
Hanson Eivers,Male,Programmer Analyst IV,heiversk6@ebay.co.uk
Shanon Jebb,Female,Computer Systems Analyst III,sjebbk7@indiegogo.com
Tiebout Harwell,Male,Associate Professor,tharwellk8@usnews.com
Irwinn Mesnard,Male,Graphic Designer,imesnardk9@bravesites.com
Aridatha Bodham,Female,Media Manager IV,abodhamka@cafepress.com
Bondon Duerden,Male,Account Coordinator,bduerdenkb@cdbaby.com
Joleen Hancell,Female,Quality Control Specialist,jhancellkc@exblog.jp
Goddard Fenton,Male,Accountant I,gfentonkd@godaddy.com
Brooke Webley,Male,Compensation Analyst,bwebleyke@wikispaces.com
Vern Bearne,Male,Editor,vbearnekf@tinyurl.com
Helaine Birtles,Female,Social Worker,hbirtleskg@businesswire.com
Genny Kerridge,Female,Human Resources Assistant IV,gkerridgekh@wired.com
Patin Vassel,Male,Media Manager IV,pvasselki@patch.com
Clerc Rattrie,Male,Geological Engineer,crattriekj@businessinsider.com
Randene Sainsbury,Female,Senior Editor,rsainsburykk@drupal.org
Marwin Quenell,Male,Librarian,mquenellkl@gnu.org
Clarabelle Frane,Female,GIS Technical Architect,cfranekm@wikimedia.org
Suzann Gullick,Agender,Database Administrator III,sgullickkn@odnoklassniki.ru
Mair Arnaez,Female,Business Systems Development Analyst,marnaezko@reference.com
Grace Newby,Female,Programmer Analyst IV,gnewbykp@msu.edu
Carree Mottershaw,Female,Research Associate,cmottershawkq@soundcloud.com
Ragnar Peasey,Male,Software Consultant,rpeaseykr@upenn.edu
Livvyy Rubenovic,Female,Assistant Professor,lrubenovicks@webeden.co.uk
Davina Attaway,Female,Administrative Officer,dattawaykt@imageshack.us
Chev Sanbrooke,Male,Chemical Engineer,csanbrookeku@twitpic.com
Marylynne Spreag,Female,Actuary,mspreagkv@google.cn
Christina Lansbury,Female,Marketing Manager,clansburykw@angelfire.com
Ellswerth Ferro,Male,Technical Writer,eferrokx@prnewswire.com
Bibi Luebbert,Agender,Librarian,bluebbertky@un.org
Valdemar Bendig,Male,Graphic Designer,vbendigkz@hubpages.com
Charlot Caser,Female,Database Administrator III,ccaserl0@shop-pro.jp
Thaddus Constable,Male,Chief Design Engineer,tconstablel1@lulu.com
Erin Pordall,Agender,Marketing Manager,epordalll2@theglobeandmail.com
Austine Quinet,Female,Financial Advisor,aquinetl3@ft.com
Kilian Budik,Male,Community Outreach Specialist,kbudikl4@wiley.com
Emelina Peddel,Female,Nurse Practicioner,epeddell5@mediafire.com
Barbara-anne McCaughran,Female,Paralegal,bmccaughranl6@google.com.hk
Beniamino Scarffe,Genderfluid,VP Sales,bscarffel7@hubpages.com
Melisa Dandy,Female,Web Designer II,mdandyl8@wikispaces.com
Ferdie Edge,Male,Senior Sales Associate,fedgel9@posterous.com
Tiff Scholtis,Polygender,Recruiter,tscholtisla@patch.com
Alana Trighton,Female,Analyst Programmer,atrightonlb@mozilla.org
Boonie Fishley,Male,Nurse Practicioner,bfishleylc@topsy.com
Jo Tackes,Male,Staff Scientist,jtackesld@yolasite.com
Barrie Atcock,Female,Research Assistant I,batcockle@archive.org
Jilleen Hollingshead,Female,Professor,jhollingsheadlf@imageshack.us
Hannah Nichols,Female,Structural Analysis Engineer,hnicholslg@ftc.gov
Darcy Burgyn,Male,VP Sales,dburgynlh@phpbb.com
Nigel Hudson,Male,Web Designer IV,nhudsonli@dmoz.org
Angil Starford,Female,Clinical Specialist,astarfordlj@tinyurl.com
Stafani McCloughlin,Female,Database Administrator III,smccloughlinlk@oaic.gov.au
Bartlett Axel,Male,Engineer IV,baxelll@shinystat.com
Andi Dunmore,Female,Community Outreach Specialist,adunmorelm@amazon.com
Melisa Longmire,Female,Biostatistician III,mlongmireln@tinyurl.com
Gabie Maton,Male,Structural Analysis Engineer,gmatonlo@vistaprint.com
Ashlin Such,Male,Environmental Tech,asuchlp@blogspot.com
Cris Kelcher,Male,VP Sales,ckelcherlq@liveinternet.ru
Olivier Salvatore,Male,Automation Specialist IV,osalvatorelr@apache.org
Dar Jeays,Male,Help Desk Operator,djeaysls@nsw.gov.au
Aubine Waeland,Female,Human Resources Manager,awaelandlt@jimdo.com
Jerry Yarnton,Female,Structural Engineer,jyarntonlu@chronoengine.com
Taite Sent,Male,Design Engineer,tsentlv@freewebs.com
Tresa Maiden,Female,Staff Accountant I,tmaidenlw@columbia.edu
Odessa Van Ross,Female,Web Designer I,ovanlx@homestead.com
Archibald Crunkhorn,Male,Occupational Therapist,acrunkhornly@gravatar.com
Ingelbert Brach,Male,Design Engineer,ibrachlz@ezinearticles.com
Oralee Robbe,Polygender,VP Product Management,orobbem0@epa.gov
Cozmo Gerriets,Polygender,Help Desk Operator,cgerrietsm1@so-net.ne.jp
Angie McClancy,Male,Computer Systems Analyst I,amcclancym2@foxnews.com
Maximo Threlkeld,Male,Programmer Analyst II,mthrelkeldm3@yahoo.com
Grady Desesquelle,Male,Geological Engineer,gdesesquellem4@mit.edu
Beaufort Yerrell,Male,Business Systems Development Analyst,byerrellm5@oaic.gov.au
Lazaro Staker,Male,Structural Analysis Engineer,lstakerm6@blog.com
Milton Allcoat,Male,Programmer I,mallcoatm7@sina.com.cn
Lorita Varey,Female,Software Consultant,lvareym8@livejournal.com
Inger Srutton,Female,Help Desk Operator,isruttonm9@cnbc.com
Frazier Woodage,Male,Software Test Engineer II,fwoodagema@symantec.com
Willem Saulter,Male,Registered Nurse,wsaultermb@sogou.com
Ximenez Aggiss,Male,Social Worker,xaggissmc@nymag.com
Ernestus Caldeyroux,Agender,Information Systems Manager,ecaldeyrouxmd@cnbc.com
Gilburt Corkell,Male,Senior Quality Engineer,gcorkellme@ask.com
Laverne Trayton,Female,Senior Financial Analyst,ltraytonmf@adobe.com
Dorothy Whilde,Female,Occupational Therapist,dwhildemg@usa.gov
Ethe Chancellor,Male,Safety Technician III,echancellormh@who.int
Colene Roache,Female,Operator,croachemi@nasa.gov
Delano Robertson,Male,Senior Editor,drobertsonmj@cnn.com
Paddie Mathieson,Male,Automation Specialist III,pmathiesonmk@ibm.com
Angy Belf,Female,Quality Engineer,abelfml@slideshare.net
Ronnie Males,Non-binary,Database Administrator III,rmalesmm@hubpages.com
Hayyim Yakob,Male,Marketing Manager,hyakobmn@noaa.gov
Thomasin Cardno,Female,Account Representative IV,tcardnomo@senate.gov
Clem Glencorse,Female,Marketing Assistant,cglencorsemp@myspace.com
Clary Lathleiff,Female,Mechanical Systems Engineer,clathleiffmq@hhs.gov
Alana Windaybank,Female,Mechanical Systems Engineer,awindaybankmr@google.co.uk
Mortie Andretti,Male,Software Test Engineer III,mandrettims@bloglovin.com
Paco Rawet,Male,Help Desk Technician,prawetmt@pen.io
Benn Pennetti,Male,Cost Accountant,bpennettimu@lycos.com
Sonya Domoney,Female,Human Resources Assistant IV,sdomoneymv@parallels.com
Darryl Greg,Male,Pharmacist,dgregmw@unc.edu
Tildy Farlam,Female,Geologist IV,tfarlammx@webmd.com
Kristina Cisson,Female,Recruiting Manager,kcissonmy@moonfruit.com
Mychal Barlee,Male,Professor,mbarleemz@comsenz.com
Gonzalo Sivewright,Male,Structural Analysis Engineer,gsivewrightn0@un.org
Bogart Dudlestone,Genderfluid,Nurse,bdudlestonen1@marriott.com
Sammie Gibbonson,Male,Human Resources Manager,sgibbonsonn2@mysql.com
Vita Sherreard,Female,Biostatistician I,vsherreardn3@japanpost.jp
Ximenes Neenan,Male,Senior Editor,xneenann4@comsenz.com
Blisse Burberye,Agender,Sales Associate,bburberyen5@icq.com
Melania Orro,Female,Automation Specialist IV,morron6@dailymotion.com
Phylys Skarr,Female,Nurse Practicioner,pskarrn7@nyu.edu
Maurits MacVay,Male,Sales Representative,mmacvayn8@youtu.be
Kristyn Moreland,Female,Editor,kmorelandn9@epa.gov
Candra Deverell,Female,Desktop Support Technician,cdeverellna@wix.com
Dinny Hursey,Female,Chief Design Engineer,dhurseynb@cloudflare.com
Ciel Malpass,Female,Environmental Tech,cmalpassnc@ucla.edu
Kimberlyn Camilleri,Female,Help Desk Technician,kcamillerind@si.edu
Sig Mallindine,Male,Food Chemist,smallindinene@sogou.com
Pattie Dorken,Male,Clinical Specialist,pdorkennf@wufoo.com
Dinnie Janus,Female,Community Outreach Specialist,djanusng@godaddy.com
Haslett Neubigging,Male,General Manager,hneubiggingnh@blinklist.com
Dorine Whyard,Female,Actuary,dwhyardni@zimbio.com
Merline Lowseley,Female,Recruiting Manager,mlowseleynj@github.io
Astrid Race,Female,Human Resources Assistant I,aracenk@addthis.com
Reggi Scranny,Female,Product Engineer,rscrannynl@slashdot.org
Jyoti Cearley,Female,Senior Editor,jcearleynm@illinois.edu
Adelheid Rosenkrantz,Polygender,GIS Technical Architect,arosenkrantznn@jugem.jp
Worthy Taffee,Male,Biostatistician IV,wtaffeeno@wp.com
Bartholemy Motherwell,Male,Software Engineer III,bmotherwellnp@buzzfeed.com
Lauren Toller,Female,Business Systems Development Analyst,ltollernq@msn.com
Annissa Braxay,Female,Paralegal,abraxaynr@webs.com
Pyotr Harmes,Male,Programmer Analyst IV,pharmesns@so-net.ne.jp
Ingrid Yule,Female,Registered Nurse,iyulent@youku.com
Jourdan Cooch,Female,Administrative Assistant III,jcoochnu@jalbum.net
Kerby Coldbath,Male,Sales Associate,kcoldbathnv@gnu.org
Huey Lydiatt,Male,Civil Engineer,hlydiattnw@creativecommons.org
Nicholle Blumfield,Female,Senior Sales Associate,nblumfieldnx@liveinternet.ru
Baird Troni,Male,Technical Writer,btroniny@github.com
Rosana Opfer,Female,Information Systems Manager,ropfernz@discuz.net
Benedick Cauldfield,Male,Cost Accountant,bcauldfieldo0@uol.com.br
Hollyanne Tadman,Female,Project Manager,htadmano1@webmd.com
Jeno Hulance,Genderfluid,Editor,jhulanceo2@newsvine.com
Stesha Forward,Female,Pharmacist,sforwardo3@163.com
Jeniece Dannohl,Female,VP Product Management,jdannohlo4@fotki.com
Adham Paradyce,Male,Software Engineer III,aparadyceo5@linkedin.com
Patience Paullin,Female,Electrical Engineer,ppaullino6@opera.com
Lowrance Leppard,Male,Web Developer III,lleppardo7@youku.com
Stepha Boken,Female,Engineer I,sbokeno8@alexa.com
Blondelle Durrant,Female,Dental Hygienist,bdurranto9@devhub.com
Carmine Bulteel,Male,Paralegal,cbulteeloa@amazon.com
Skipper Tiffany,Male,GIS Technical Architect,stiffanyob@nsw.gov.au
Casandra Hirschmann,Female,Data Coordinator,chirschmannoc@wufoo.com
Isidore Spight,Male,Research Associate,ispightod@moonfruit.com
Alene Hastwell,Female,Programmer Analyst III,ahastwelloe@weather.com
Stinky Carnock,Male,Tax Accountant,scarnockof@oaic.gov.au
Shalom Cobson,Male,Administrative Officer,scobsonog@scientificamerican.com
Robbi Lankester,Female,Sales Representative,rlankesteroh@wix.com
Giustina Umfrey,Female,Engineer III,gumfreyoi@marriott.com
Elyse Roston,Female,VP Product Management,erostonoj@last.fm
Paton Kroll,Male,Project Manager,pkrollok@baidu.com
Helene De Moreno,Female,Engineer I,hdeol@state.tx.us
Demetris Claiton,Male,Executive Secretary,dclaitonom@drupal.org
Alister Giacoppo,Male,Accounting Assistant III,agiacoppoon@rambler.ru
Sisile Hallbord,Female,Environmental Specialist,shallbordoo@nytimes.com
Phyllis Zettoi,Female,Structural Analysis Engineer,pzettoiop@intel.com
Herbie Sandys,Male,Editor,hsandysoq@theguardian.com
Aube Buret,Male,Legal Assistant,aburetor@engadget.com
Derick Moret,Male,Quality Engineer,dmoretos@comsenz.com
Reamonn Faich,Male,Social Worker,rfaichot@go.com
Germain Masarrat,Male,Senior Quality Engineer,gmasarratou@blog.com
Griswold Camm,Male,Recruiter,gcammov@ameblo.jp
Dre Okenden,Female,Dental Hygienist,dokendenow@nymag.com
Godfry Dallewater,Male,Editor,gdallewaterox@hatena.ne.jp
Chicky Reisenberg,Male,Nuclear Power Engineer,creisenbergoy@bbb.org
Yoshiko Daubney,Female,Computer Systems Analyst III,ydaubneyoz@weibo.com
Emilia Wilbor,Female,Accountant II,ewilborp0@ycombinator.com
Courtney Spurdens,Male,Financial Analyst,cspurdensp1@opera.com
Judd Frisel,Polygender,Staff Accountant I,jfriselp2@si.edu
Garth McKerton,Male,Chief Design Engineer,gmckertonp3@sfgate.com
Yovonnda Lyard,Female,Programmer III,ylyardp4@desdev.cn
Keith Goschalk,Male,Food Chemist,kgoschalkp5@sitemeter.com
Hildegarde Tupper,Female,Food Chemist,htupperp6@narod.ru
Hannis Mountcastle,Female,Quality Control Specialist,hmountcastlep7@yahoo.co.jp
Harp McCloud,Male,Environmental Specialist,hmccloudp8@unesco.org
Mellisent Zorn,Female,Speech Pathologist,mzornp9@blogs.com
Augy Faux,Male,Desktop Support Technician,afauxpa@google.co.jp
Heidie Grigoryov,Female,Internal Auditor,hgrigoryovpb@hc360.com
Moses Seebert,Male,Food Chemist,mseebertpc@businessweek.com
Hilary Durning,Male,Financial Advisor,hdurningpd@upenn.edu
Faydra Childerhouse,Female,Senior Sales Associate,fchilderhousepe@patch.com
Chilton Czaple,Male,Accounting Assistant IV,cczaplepf@addthis.com
Benedicto Maffei,Male,Systems Administrator IV,bmaffeipg@nytimes.com
Suzi Klimowski,Female,Assistant Media Planner,sklimowskiph@desdev.cn
Harley Duchan,Female,Senior Financial Analyst,hduchanpi@diigo.com
Kendre Shackleford,Female,Software Test Engineer II,kshacklefordpj@kickstarter.com
Brody Collumbell,Male,Media Manager II,bcollumbellpk@posterous.com
Morie Leel,Polygender,Teacher,mleelpl@eepurl.com
Pierrette Francie,Female,Administrative Assistant III,pfranciepm@blog.com
Ban Halliburton,Male,Social Worker,bhalliburtonpn@cmu.edu
Liam MacCumeskey,Male,Tax Accountant,lmaccumeskeypo@businessinsider.com
Stuart Froment,Male,Marketing Assistant,sfromentpp@uiuc.edu
Sydney Housden,Genderqueer,Biostatistician IV,shousdenpq@amazonaws.com
Connor Gauch,Male,Human Resources Assistant IV,cgauchpr@google.com
Aubrie Smeuin,Female,Chemical Engineer,asmeuinps@walmart.com
Shelba MacKill,Female,Nurse,smackillpt@yelp.com
Jeana Pendered,Female,Internal Auditor,jpenderedpu@cnet.com
Alvie Mitchard,Male,Senior Sales Associate,amitchardpv@chronoengine.com
Faith Eilhertsen,Female,Assistant Professor,feilhertsenpw@fc2.com
Gavan Viccary,Male,Clinical Specialist,gviccarypx@yandex.ru
Kerrill Moorcroft,Female,Programmer Analyst III,kmoorcroftpy@alexa.com
Sarge O'Sharry,Male,Senior Editor,sosharrypz@engadget.com
Benny Cloonan,Male,Occupational Therapist,bcloonanq0@mtv.com
Roderigo Byford,Male,Nurse,rbyfordq1@google.com.au
Bambi MacNeill,Female,Senior Developer,bmacneillq2@marriott.com
Lawry Mattheeuw,Male,Design Engineer,lmattheeuwq3@youtube.com
Antoni Keepe,Male,Chief Design Engineer,akeepeq4@nyu.edu
Brunhilde Wilmot,Female,Technical Writer,bwilmotq5@qq.com
Quint Conry,Male,Environmental Specialist,qconryq6@pcworld.com
Aldon Cornthwaite,Genderqueer,Physical Therapy Assistant,acornthwaiteq7@gravatar.com
Donalt Pridmore,Male,Financial Advisor,dpridmoreq8@simplemachines.org
Trumaine Meaking,Male,Health Coach IV,tmeakingq9@photobucket.com
Eustace Coltman,Polygender,Design Engineer,ecoltmanqa@cbslocal.com
Estell Phipp,Female,Marketing Assistant,ephippqb@yahoo.com
Aldin Melsome,Male,Staff Accountant II,amelsomeqc@g.co
Jean Barts,Female,Actuary,jbartsqd@123-reg.co.uk
Averil Garahan,Male,Professor,agarahanqe@cam.ac.uk
Stesha Cotillard,Female,Internal Auditor,scotillardqf@zimbio.com
Jehanna Culbard,Female,Accountant I,jculbardqg@godaddy.com
Dorothea Wiggin,Non-binary,Compensation Analyst,dwigginqh@telegraph.co.uk
Mufi Allwell,Female,General Manager,mallwellqi@unicef.org
Alaster Dorsett,Male,Data Coordinator,adorsettqj@mac.com
Siusan Willett,Female,Safety Technician I,swillettqk@reference.com
Darill Biddleston,Male,Assistant Professor,dbiddlestonql@google.de
Demetra Rays,Female,Automation Specialist II,draysqm@sciencedaily.com
Millicent Simester,Non-binary,Business Systems Development Analyst,msimesterqn@walmart.com
Trevar Calcraft,Male,Actuary,tcalcraftqo@msu.edu
Bevvy Kidney,Female,Quality Control Specialist,bkidneyqp@jugem.jp
Grenville Rothchild,Male,Product Engineer,grothchildqq@google.com.hk
Katerina McGaughie,Female,Structural Analysis Engineer,kmcgaughieqr@telegraph.co.uk
Mitchael Smewin,Male,VP Quality Control,msmewinqs@sbwire.com
Oriana Hansley,Female,Associate Professor,ohansleyqt@shop-pro.jp
Rochella Eve,Female,Health Coach II,revequ@eepurl.com
Kip Yearsley,Agender,Recruiting Manager,kyearsleyqv@webs.com
Jody Apperley,Male,Tax Accountant,japperleyqw@cyberchimps.com
Randolf Semon,Male,Environmental Specialist,rsemonqx@163.com
Aaron Overy,Male,Technical Writer,aoveryqy@cdbaby.com
Morganne Hallbird,Female,Senior Financial Analyst,mhallbirdqz@chicagotribune.com
Mitch Suttle,Male,Account Coordinator,msuttler0@mit.edu
Laina Pawlick,Female,Assistant Media Planner,lpawlickr1@homestead.com
Orion Ravelus,Male,Database Administrator II,oravelusr2@google.it
Marys Beasley,Female,Recruiting Manager,mbeasleyr3@howstuffworks.com
Dermot Trevillion,Male,Food Chemist,dtrevillionr4@jigsy.com
Leena Gash,Female,Design Engineer,lgashr5@weebly.com
Tina Sneller,Female,Mechanical Systems Engineer,tsnellerr6@paginegialle.it
Randal Pedgrift,Male,Professor,rpedgriftr7@spotify.com
Joaquin Fayre,Male,Software Engineer II,jfayrer8@hhs.gov
Harald Gieraths,Male,Analog Circuit Design manager,hgierathsr9@mail.ru
Glenna Basnett,Female,VP Quality Control,gbasnettra@godaddy.com
Maurise Bour,Male,Actuary,mbourrb@usnews.com
Kristian Dumphy,Male,Sales Representative,kdumphyrc@usda.gov
Bettina Demeter,Genderfluid,Research Associate,bdemeterrd@bloglovin.com
Erminie Ragsdall,Genderqueer,Actuary,eragsdallre@wunderground.com
Case Stoffler,Male,Marketing Assistant,cstofflerrf@army.mil
Arabele Samme,Female,Chief Design Engineer,asammerg@prweb.com
Dodi Dibble,Agender,Software Test Engineer III,ddibblerh@i2i.jp
Lark Goodale,Female,Recruiting Manager,lgoodaleri@noaa.gov
Dulsea Tournie,Female,Budget/Accounting Analyst I,dtournierj@omniture.com
Gert Zecchi,Female,Clinical Specialist,gzecchirk@deliciousdays.com
Birgit Leggat,Female,VP Product Management,bleggatrl@ihg.com
Meggi Lees,Female,Graphic Designer,mleesrm@time.com
Kent Comizzoli,Male,Senior Editor,kcomizzolirn@netvibes.com
Evangelin Bliben,Female,Web Designer II,eblibenro@aboutads.info
Sandro Sorby,Male,Graphic Designer,ssorbyrp@nifty.com
Roy Trenbey,Male,Paralegal,rtrenbeyrq@businessinsider.com
Krystyna Pignon,Female,Human Resources Manager,kpignonrr@liveinternet.ru
